punto,direccion,lat,lon,fraccion,dist_km,sedimento
p1_transito,N,-41.419720,-64.401940,0.000000,0.000000,Limo
p1_transito,N,-41.409670,-64.401940,0.020000,1.116000,Limo
p1_transito,N,-41.399619,-64.401940,0.040000,2.232000,Limo
p1_transito,N,-41.389569,-64.401940,0.060000,3.349000,Limo
p1_transito,N,-41.379518,-64.401940,0.080000,4.465000,Limo
p1_transito,N,-41.369468,-64.401940,0.100000,5.581000,Limo
p1_transito,N,-41.359418,-64.401940,0.120000,6.697000,Limo
p1_transito,N,-41.349367,-64.401940,0.140000,7.813000,Limo
p1_transito,N,-41.339317,-64.401940,0.160000,8.930000,Limo
p1_transito,N,-41.329266,-64.401940,0.180000,10.046000,Limo
p1_transito,N,-41.319216,-64.401940,0.200000,11.162000,Limo
p1_transito,N,-41.309165,-64.401940,0.220000,12.278000,Limo
p1_transito,N,-41.299115,-64.401940,0.240000,13.395000,Limo
p1_transito,N,-41.289064,-64.401940,0.260000,14.511000,Limo
p1_transito,N,-41.279013,-64.401940,0.280000,15.627000,Limo
p1_transito,N,-41.268963,-64.401940,0.300000,16.743000,Limo
p1_transito,N,-41.258912,-64.401940,0.320000,17.859000,Limo
p1_transito,N,-41.248862,-64.401940,0.340000,18.976000,Limo
p1_transito,N,-41.238811,-64.401940,0.360000,20.092000,Limo
p1_transito,N,-41.228760,-64.401940,0.380000,21.208000,Limo
p1_transito,N,-41.218709,-64.401940,0.400000,22.324000,Limo
p1_transito,N,-41.208659,-64.401940,0.420000,23.440000,Limo
p1_transito,N,-41.198608,-64.401940,0.440000,24.557000,Limo
p1_transito,N,-41.188557,-64.401940,0.460000,25.673000,Limo
p1_transito,N,-41.178507,-64.401940,0.480000,26.789000,Limo
p1_transito,N,-41.168456,-64.401940,0.500000,27.905000,Limo
p1_transito,N,-41.158405,-64.401940,0.520000,29.022000,Limo
p1_transito,N,-41.148354,-64.401940,0.540000,30.138000,Limo
p1_transito,N,-41.138303,-64.401940,0.560000,31.254000,Limo
p1_transito,N,-41.128252,-64.401940,0.580000,32.370000,Limo
p1_transito,N,-41.118202,-64.401940,0.600000,33.486000,Limo
p1_transito,N,-41.108151,-64.401940,0.620000,34.603000,Limo
p1_transito,N,-41.098100,-64.401940,0.640000,35.719000,Limo
p1_transito,N,-41.088049,-64.401940,0.660000,36.835000,Limo
p1_transito,N,-41.077998,-64.401940,0.680000,37.951000,Limo
p1_transito,N,-41.067947,-64.401940,0.700000,39.067000,Limo
p1_transito,N,-41.057896,-64.401940,0.720000,40.184000,Limo
p1_transito,N,-41.047845,-64.401940,0.740000,41.300000,Limo
p1_transito,N,-41.037794,-64.401940,0.760000,42.416000,Limo
p1_transito,N,-41.027743,-64.401940,0.780000,43.532000,Limo
p1_transito,N,-41.017692,-64.401940,0.800000,44.648000,Limo
p1_transito,N,-41.007641,-64.401940,0.820000,45.765000,Limo
p1_transito,N,-40.997590,-64.401940,0.840000,46.881000,Limo
p1_transito,N,-40.987539,-64.401940,0.860000,47.997000,Limo
p1_transito,N,-40.977488,-64.401940,0.880000,49.113000,Limo
p1_transito,N,-40.967436,-64.401940,0.900000,50.230000,Limo
p1_transito,N,-40.957385,-64.401940,0.920000,51.346000,Limo
p1_transito,N,-40.947334,-64.401940,0.940000,52.462000,Limo
p1_transito,N,-40.937283,-64.401940,0.960000,53.578000,Limo
p1_transito,N,-40.927232,-64.401940,0.980000,54.694000,Limo
p1_transito,N,-40.917181,-64.401940,1.000000,55.811000,Limo
p1_transito,NNE,-41.419720,-64.401940,0.000000,0.000000,Limo
p1_transito,NNE,-41.411188,-64.397246,0.020000,1.026000,Limo
p1_transito,NNE,-41.402656,-64.392553,0.040000,2.051000,Limo
p1_transito,NNE,-41.394124,-64.387861,0.060000,3.077000,Limo
p1_transito,NNE,-41.385592,-64.383170,0.080000,4.102000,Limo
p1_transito,NNE,-41.377059,-64.378481,0.100000,5.128000,Limo
p1_transito,NNE,-41.368526,-64.373793,0.120000,6.154000,Limo
p1_transito,NNE,-41.359993,-64.369106,0.140000,7.179000,Limo
p1_transito,NNE,-41.351460,-64.364420,0.160000,8.205000,Limo
p1_transito,NNE,-41.342926,-64.359736,0.180000,9.231000,Limo
p1_transito,NNE,-41.334393,-64.355053,0.200000,10.256000,Limo
p1_transito,NNE,-41.325859,-64.350371,0.220000,11.282000,Limo
p1_transito,NNE,-41.317325,-64.345690,0.240000,12.307000,Limo
p1_transito,NNE,-41.308791,-64.341010,0.260000,13.333000,Limo
p1_transito,NNE,-41.300256,-64.336332,0.280000,14.359000,Limo
p1_transito,NNE,-41.291722,-64.331655,0.300000,15.384000,Limo
p1_transito,NNE,-41.283187,-64.326979,0.320000,16.410000,Limo
p1_transito,NNE,-41.274652,-64.322304,0.340000,17.436000,Limo
p1_transito,NNE,-41.266116,-64.317631,0.360000,18.461000,Limo
p1_transito,NNE,-41.257581,-64.312959,0.380000,19.487000,Limo
p1_transito,NNE,-41.249045,-64.308288,0.400000,20.512000,Limo
p1_transito,NNE,-41.240510,-64.303618,0.420000,21.538000,Limo
p1_transito,NNE,-41.231973,-64.298949,0.440000,22.564000,Limo
p1_transito,NNE,-41.223437,-64.294282,0.460000,23.589000,Limo
p1_transito,NNE,-41.214901,-64.289616,0.480000,24.615000,Limo
p1_transito,NNE,-41.206364,-64.284951,0.500000,25.640000,Limo
p1_transito,NNE,-41.197827,-64.280287,0.520000,26.666000,Limo
p1_transito,NNE,-41.189290,-64.275624,0.540000,27.692000,Limo
p1_transito,NNE,-41.180753,-64.270963,0.560000,28.717000,Limo
p1_transito,NNE,-41.172215,-64.266303,0.580000,29.743000,Limo
p1_transito,NNE,-41.163678,-64.261644,0.600000,30.769000,Limo
p1_transito,NNE,-41.155140,-64.256986,0.620000,31.794000,Limo
p1_transito,NNE,-41.146602,-64.252330,0.640000,32.820000,Limo
p1_transito,NNE,-41.138063,-64.247675,0.660000,33.845000,Limo
p1_transito,NNE,-41.129525,-64.243021,0.680000,34.871000,Limo
p1_transito,NNE,-41.120986,-64.238368,0.700000,35.897000,Limo
p1_transito,NNE,-41.112447,-64.233716,0.720000,36.922000,Limo
p1_transito,NNE,-41.103908,-64.229066,0.740000,37.948000,Limo
p1_transito,NNE,-41.095369,-64.224416,0.760000,38.973000,Limo
p1_transito,NNE,-41.086830,-64.219768,0.780000,39.999000,Limo
p1_transito,NNE,-41.078290,-64.215121,0.800000,41.025000,Limo
p1_transito,NNE,-41.069750,-64.210476,0.820000,42.050000,Grava arenosa
p1_transito,NNE,-41.061210,-64.205831,0.840000,43.076000,Grava arenosa
p1_transito,NNE,-41.052670,-64.201188,0.860000,44.102000,Grava arenosa
p1_transito,NNE,-41.044129,-64.196546,0.880000,45.127000,Grava arenosa
p1_transito,NNE,-41.035588,-64.191905,0.900000,46.153000,Grava arenosa
p1_transito,NNE,-41.027048,-64.187266,0.920000,47.178000,Grava arenosa
p1_transito,NNE,-41.018507,-64.182627,0.940000,48.204000,Grava arenosa
p1_transito,NNE,-41.009965,-64.177990,0.960000,49.230000,Grava arenosa
p1_transito,NNE,-41.001424,-64.173354,0.980000,50.255000,Grava arenosa
p1_transito,NNE,-40.992882,-64.168719,1.000000,51.281000,Grava arenosa
p1_transito,NE,-41.419720,-64.401940,0.000000,0.000000,Limo
p1_transito,NE,-41.412897,-64.392877,0.020000,1.072000,Limo
p1_transito,NE,-41.406073,-64.383816,0.040000,2.143000,Limo
p1_transito,NE,-41.399249,-64.374756,0.060000,3.215000,Limo
p1_transito,NE,-41.392423,-64.365699,0.080000,4.286000,Limo
p1_transito,NE,-41.385597,-64.356644,0.100000,5.358000,Limo
p1_transito,NE,-41.378771,-64.347590,0.120000,6.430000,Limo
p1_transito,NE,-41.371943,-64.338538,0.140000,7.501000,Limo
p1_transito,NE,-41.365115,-64.329488,0.160000,8.573000,Limo
p1_transito,NE,-41.358286,-64.320441,0.180000,9.645000,Limo
p1_transito,NE,-41.351457,-64.311394,0.200000,10.716000,Limo
p1_transito,NE,-41.344626,-64.302350,0.220000,11.788000,Limo
p1_transito,NE,-41.337795,-64.293308,0.240000,12.859000,Limo
p1_transito,NE,-41.330964,-64.284268,0.260000,13.931000,Limo
p1_transito,NE,-41.324131,-64.275229,0.280000,15.003000,Limo
p1_transito,NE,-41.317298,-64.266193,0.300000,16.074000,Limo
p1_transito,NE,-41.310464,-64.257158,0.320000,17.146000,Limo
p1_transito,NE,-41.303630,-64.248125,0.340000,18.217000,Limo
p1_transito,NE,-41.296794,-64.239094,0.360000,19.289000,Limo
p1_transito,NE,-41.289958,-64.230065,0.380000,20.361000,Limo
p1_transito,NE,-41.283122,-64.221038,0.400000,21.432000,Limo
p1_transito,NE,-41.276284,-64.212013,0.420000,22.504000,Limo
p1_transito,NE,-41.269446,-64.202989,0.440000,23.576000,Limo
p1_transito,NE,-41.262607,-64.193968,0.460000,24.647000,Limo
p1_transito,NE,-41.255767,-64.184948,0.480000,25.719000,Limo
p1_transito,NE,-41.248927,-64.175931,0.500000,26.790000,Limo
p1_transito,NE,-41.242086,-64.166915,0.520000,27.862000,Limo
p1_transito,NE,-41.235244,-64.157901,0.540000,28.934000,Limo
p1_transito,NE,-41.228402,-64.148889,0.560000,30.005000,Limo
p1_transito,NE,-41.221559,-64.139878,0.580000,31.077000,Limo
p1_transito,NE,-41.214715,-64.130870,0.600000,32.148000,Limo
p1_transito,NE,-41.207870,-64.121864,0.620000,33.220000,Limo
p1_transito,NE,-41.201025,-64.112859,0.640000,34.292000,Limo
p1_transito,NE,-41.194179,-64.103856,0.660000,35.363000,Limo
p1_transito,NE,-41.187332,-64.094855,0.680000,36.435000,Limo
p1_transito,NE,-41.180485,-64.085857,0.700000,37.506000,Limo
p1_transito,NE,-41.173637,-64.076859,0.720000,38.578000,Limo
p1_transito,NE,-41.166788,-64.067864,0.740000,39.650000,Limo
p1_transito,NE,-41.159938,-64.058871,0.760000,40.721000,Limo
p1_transito,NE,-41.153088,-64.049879,0.780000,41.793000,Limo
p1_transito,NE,-41.146237,-64.040890,0.800000,42.865000,Limo
p1_transito,NE,-41.139385,-64.031902,0.820000,43.936000,Limo
p1_transito,NE,-41.132533,-64.022916,0.840000,45.008000,Limo
p1_transito,NE,-41.125679,-64.013932,0.860000,46.079000,Limo
p1_transito,NE,-41.118826,-64.004950,0.880000,47.151000,Limo
p1_transito,NE,-41.111971,-63.995970,0.900000,48.223000,Limo
p1_transito,NE,-41.105116,-63.986992,0.920000,49.294000,Limo
p1_transito,NE,-41.098260,-63.978015,0.940000,50.366000,Limo
p1_transito,NE,-41.091403,-63.969040,0.960000,51.437000,Limo
p1_transito,NE,-41.084546,-63.960068,0.980000,52.509000,Limo
p1_transito,NE,-41.077688,-63.951097,1.000000,53.581000,Limo
p1_transito,ENE,-41.419720,-64.401940,0.000000,0.000000,Limo
p1_transito,ENE,-41.414563,-64.385406,0.020000,1.496000,Limo
p1_transito,ENE,-41.409404,-64.368875,0.040000,2.992000,Limo
p1_transito,ENE,-41.404243,-64.352347,0.060000,4.489000,Limo
p1_transito,ENE,-41.399079,-64.335821,0.080000,5.985000,Limo
p1_transito,ENE,-41.393913,-64.319298,0.100000,7.481000,Limo
p1_transito,ENE,-41.388745,-64.302777,0.120000,8.977000,Limo
p1_transito,ENE,-41.383574,-64.286260,0.140000,10.473000,Limo
p1_transito,ENE,-41.378401,-64.269744,0.160000,11.970000,Limo
p1_transito,ENE,-41.373225,-64.253232,0.180000,13.466000,Limo
p1_transito,ENE,-41.368047,-64.236721,0.200000,14.962000,Limo
p1_transito,ENE,-41.362867,-64.220214,0.220000,16.458000,Limo
p1_transito,ENE,-41.357684,-64.203709,0.240000,17.954000,Limo
p1_transito,ENE,-41.352499,-64.187207,0.260000,19.451000,Limo
p1_transito,ENE,-41.347311,-64.170707,0.280000,20.947000,Limo
p1_transito,ENE,-41.342121,-64.154210,0.300000,22.443000,Limo
p1_transito,ENE,-41.336929,-64.137716,0.320000,23.939000,Limo
p1_transito,ENE,-41.331735,-64.121224,0.340000,25.435000,Arena
p1_transito,ENE,-41.326538,-64.104735,0.360000,26.932000,Arena
p1_transito,ENE,-41.321338,-64.088249,0.380000,28.428000,Arena
p1_transito,ENE,-41.316137,-64.071765,0.400000,29.924000,Arena
p1_transito,ENE,-41.310933,-64.055284,0.420000,31.420000,Arena
p1_transito,ENE,-41.305726,-64.038805,0.440000,32.916000,Arena
p1_transito,ENE,-41.300517,-64.022329,0.460000,34.413000,Arena
p1_transito,ENE,-41.295306,-64.005855,0.480000,35.909000,Arena
p1_transito,ENE,-41.290093,-63.989385,0.500000,37.405000,Arena
p1_transito,ENE,-41.284877,-63.972917,0.520000,38.901000,Arena
p1_transito,ENE,-41.279659,-63.956451,0.540000,40.397000,Arena
p1_transito,ENE,-41.274438,-63.939988,0.560000,41.894000,Arena
p1_transito,ENE,-41.269215,-63.923528,0.580000,43.390000,Arena
p1_transito,ENE,-41.263990,-63.907070,0.600000,44.886000,Arena
p1_transito,ENE,-41.258762,-63.890615,0.620000,46.382000,Arena
p1_transito,ENE,-41.253532,-63.874163,0.640000,47.878000,Arena
p1_transito,ENE,-41.248300,-63.857713,0.660000,49.375000,Arena
p1_transito,ENE,-41.243065,-63.841266,0.680000,50.871000,Arena
p1_transito,ENE,-41.237828,-63.824821,0.700000,52.367000,Arena
p1_transito,ENE,-41.232589,-63.808379,0.720000,53.863000,Arena
p1_transito,ENE,-41.227347,-63.791940,0.740000,55.359000,Arena
p1_transito,ENE,-41.222103,-63.775504,0.760000,56.856000,Arena
p1_transito,ENE,-41.216856,-63.759069,0.780000,58.352000,Arena
p1_transito,ENE,-41.211607,-63.742638,0.800000,59.848000,Arena
p1_transito,ENE,-41.206356,-63.726209,0.820000,61.344000,Arena
p1_transito,ENE,-41.201103,-63.709783,0.840000,62.840000,Arena
p1_transito,ENE,-41.195847,-63.693360,0.860000,64.337000,Arena
p1_transito,ENE,-41.190589,-63.676939,0.880000,65.833000,Grava arenosa
p1_transito,ENE,-41.185328,-63.660521,0.900000,67.329000,Grava arenosa
p1_transito,ENE,-41.180065,-63.644105,0.920000,68.825000,Grava arenosa
p1_transito,ENE,-41.174800,-63.627692,0.940000,70.321000,Grava arenosa
p1_transito,ENE,-41.169532,-63.611282,0.960000,71.818000,Grava arenosa
p1_transito,ENE,-41.164262,-63.594874,0.980000,73.314000,Grava arenosa
p1_transito,ENE,-41.158990,-63.578469,1.000000,74.810000,Grava arenosa
p1_transito,E,-41.419720,-64.401940,0.000000,0.000000,Limo
p1_transito,E,-41.419718,-64.378016,0.020000,2.000000,Limo
p1_transito,E,-41.419710,-64.354093,0.040000,4.000000,Limo
p1_transito,E,-41.419698,-64.330169,0.060000,6.000000,Limo
p1_transito,E,-41.419680,-64.306245,0.080000,8.000000,Limo
p1_transito,E,-41.419658,-64.282322,0.100000,10.000000,Limo
p1_transito,E,-41.419630,-64.258398,0.120000,12.000000,Limo
p1_transito,E,-41.419598,-64.234474,0.140000,14.000000,Limo
p1_transito,E,-41.419561,-64.210551,0.160000,16.000000,Limo
p1_transito,E,-41.419519,-64.186627,0.180000,18.000000,Limo
p1_transito,E,-41.419471,-64.162704,0.200000,20.000000,Limo
p1_transito,E,-41.419419,-64.138780,0.220000,22.000000,Limo
p1_transito,E,-41.419362,-64.114857,0.240000,24.000000,Limo
p1_transito,E,-41.419300,-64.090934,0.260000,26.000000,Arena
p1_transito,E,-41.419233,-64.067010,0.280000,28.000000,Arena
p1_transito,E,-41.419160,-64.043087,0.300000,30.000000,Arena
p1_transito,E,-41.419083,-64.019164,0.320000,32.000000,Arena
p1_transito,E,-41.419001,-63.995241,0.340000,34.000000,Arena
p1_transito,E,-41.418914,-63.971317,0.360000,36.000000,Arena
p1_transito,E,-41.418822,-63.947394,0.380000,38.000000,Arena
p1_transito,E,-41.418725,-63.923471,0.400000,40.000000,Arena
p1_transito,E,-41.418623,-63.899548,0.420000,42.000000,Arena
p1_transito,E,-41.418516,-63.875626,0.440000,44.000000,Arena
p1_transito,E,-41.418404,-63.851703,0.460000,46.000000,Arena
p1_transito,E,-41.418287,-63.827780,0.480000,48.000000,Arena
p1_transito,E,-41.418166,-63.803858,0.500000,50.000000,Arena
p1_transito,E,-41.418039,-63.779935,0.520000,52.000000,Arena
p1_transito,E,-41.417907,-63.756013,0.540000,54.000000,Arena
p1_transito,E,-41.417770,-63.732090,0.560000,56.000000,Arena
p1_transito,E,-41.417628,-63.708168,0.580000,58.000000,Arena
p1_transito,E,-41.417482,-63.684246,0.600000,60.000000,Arena
p1_transito,E,-41.417330,-63.660324,0.620000,62.000000,Arena
p1_transito,E,-41.417173,-63.636402,0.640000,64.000000,Arena
p1_transito,E,-41.417011,-63.612481,0.660000,66.000000,Arena
p1_transito,E,-41.416845,-63.588559,0.680000,68.000000,Arena
p1_transito,E,-41.416673,-63.564638,0.700000,70.000000,Arena
p1_transito,E,-41.416497,-63.540716,0.720000,72.000000,Arena
p1_transito,E,-41.416315,-63.516795,0.740000,74.000000,Arena
p1_transito,E,-41.416129,-63.492874,0.760000,76.000000,Arena
p1_transito,E,-41.415937,-63.468953,0.780000,78.000000,Arena
p1_transito,E,-41.415741,-63.445032,0.800000,80.000000,Arena
p1_transito,E,-41.415539,-63.421111,0.820000,82.000000,Arena
p1_transito,E,-41.415333,-63.397191,0.840000,84.000000,Arena
p1_transito,E,-41.415121,-63.373270,0.860000,86.000000,Arena
p1_transito,E,-41.414905,-63.349350,0.880000,88.000000,Arena
p1_transito,E,-41.414684,-63.325430,0.900000,90.000000,Arena
p1_transito,E,-41.414457,-63.301510,0.920000,92.000000,Arena
p1_transito,E,-41.414226,-63.277591,0.940000,94.000000,Arena
p1_transito,E,-41.413990,-63.253671,0.960000,96.000000,Arena
p1_transito,E,-41.413749,-63.229752,0.980000,98.000000,Arena
p1_transito,E,-41.413502,-63.205832,1.000000,100.000000,Arena
p1_transito,ESE,-41.419720,-64.401940,0.000000,0.000000,Limo
p1_transito,ESE,-41.426609,-64.379835,0.020000,2.000000,Limo
p1_transito,ESE,-41.433494,-64.357725,0.040000,4.000000,Limo
p1_transito,ESE,-41.440375,-64.335611,0.060000,6.000000,Limo
p1_transito,ESE,-41.447251,-64.313492,0.080000,8.000000,Limo
p1_transito,ESE,-41.454124,-64.291369,0.100000,10.000000,Limo
p1_transito,ESE,-41.460991,-64.269240,0.120000,12.000000,Limo
p1_transito,ESE,-41.467855,-64.247107,0.140000,14.000000,Limo
p1_transito,ESE,-41.474714,-64.224970,0.160000,16.000000,Limo
p1_transito,ESE,-41.481570,-64.202828,0.180000,18.000000,Limo
p1_transito,ESE,-41.488420,-64.180681,0.200000,20.000000,Limo
p1_transito,ESE,-41.495267,-64.158529,0.220000,22.000000,Limo
p1_transito,ESE,-41.502109,-64.136373,0.240000,24.000000,Limo
p1_transito,ESE,-41.508947,-64.114212,0.260000,26.000000,Limo
p1_transito,ESE,-41.515781,-64.092046,0.280000,28.000000,Limo
p1_transito,ESE,-41.522611,-64.069876,0.300000,30.000000,Limo
p1_transito,ESE,-41.529436,-64.047701,0.320000,32.000000,Limo
p1_transito,ESE,-41.536257,-64.025521,0.340000,34.000000,Limo
p1_transito,ESE,-41.543073,-64.003337,0.360000,36.000000,Arena
p1_transito,ESE,-41.549885,-63.981148,0.380000,38.000000,Arena
p1_transito,ESE,-41.556694,-63.958955,0.400000,40.000000,Arena
p1_transito,ESE,-41.563497,-63.936756,0.420000,42.000000,Arena
p1_transito,ESE,-41.570297,-63.914553,0.440000,44.000000,Arena
p1_transito,ESE,-41.577092,-63.892346,0.460000,46.000000,Grava arenosa
p1_transito,ESE,-41.583883,-63.870134,0.480000,48.000000,Grava arenosa
p1_transito,ESE,-41.590669,-63.847917,0.500000,50.000000,Grava arenosa
p1_transito,ESE,-41.597451,-63.825695,0.520000,52.000000,Grava arenosa
p1_transito,ESE,-41.604229,-63.803469,0.540000,54.000000,Grava arenosa
p1_transito,ESE,-41.611003,-63.781238,0.560000,56.000000,Grava arenosa
p1_transito,ESE,-41.617772,-63.759003,0.580000,58.000000,Grava arenosa
p1_transito,ESE,-41.624537,-63.736763,0.600000,60.000000,Grava arenosa
p1_transito,ESE,-41.631298,-63.714518,0.620000,62.000000,Grava arenosa
p1_transito,ESE,-41.638054,-63.692269,0.640000,64.000000,Grava arenosa
p1_transito,ESE,-41.644807,-63.670015,0.660000,66.000000,Arena
p1_transito,ESE,-41.651554,-63.647756,0.680000,68.000000,Arena
p1_transito,ESE,-41.658298,-63.625493,0.700000,70.000000,Arena
p1_transito,ESE,-41.665037,-63.603225,0.720000,72.000000,Arena
p1_transito,ESE,-41.671772,-63.580952,0.740000,74.000000,Arena
p1_transito,ESE,-41.678502,-63.558675,0.760000,76.000000,Arena
p1_transito,ESE,-41.685228,-63.536393,0.780000,78.000000,Arena
p1_transito,ESE,-41.691950,-63.514106,0.800000,80.000000,Grava arenosa
p1_transito,ESE,-41.698668,-63.491815,0.820000,82.000000,Grava arenosa
p1_transito,ESE,-41.705381,-63.469519,0.840000,84.000000,Grava arenosa
p1_transito,ESE,-41.712090,-63.447219,0.860000,86.000000,Grava arenosa
p1_transito,ESE,-41.718794,-63.424914,0.880000,88.000000,Arena
p1_transito,ESE,-41.725494,-63.402604,0.900000,90.000000,Arena
p1_transito,ESE,-41.732190,-63.380290,0.920000,92.000000,Arena
p1_transito,ESE,-41.738881,-63.357971,0.940000,94.000000,Arena
p1_transito,ESE,-41.745569,-63.335647,0.960000,96.000000,Arena
p1_transito,ESE,-41.752251,-63.313319,0.980000,98.000000,Arena
p1_transito,ESE,-41.758930,-63.290986,1.000000,100.000000,Arena
p1_transito,SE,-41.419720,-64.401940,0.000000,0.000000,Limo
p1_transito,SE,-41.432452,-64.385020,0.020000,2.000000,Limo
p1_transito,SE,-41.445182,-64.368094,0.040000,4.000000,Limo
p1_transito,SE,-41.457909,-64.351160,0.060000,6.000000,Limo
p1_transito,SE,-41.470634,-64.334221,0.080000,8.000000,Limo
p1_transito,SE,-41.483356,-64.317274,0.100000,10.000000,Limo
p1_transito,SE,-41.496076,-64.300321,0.120000,12.000000,Limo
p1_transito,SE,-41.508793,-64.283362,0.140000,14.000000,Limo
p1_transito,SE,-41.521508,-64.266395,0.160000,16.000000,Limo
p1_transito,SE,-41.534220,-64.249423,0.180000,18.000000,Limo
p1_transito,SE,-41.546929,-64.232443,0.200000,20.000000,Limo
p1_transito,SE,-41.559636,-64.215457,0.220000,22.000000,Limo
p1_transito,SE,-41.572341,-64.198464,0.240000,24.000000,Limo
p1_transito,SE,-41.585043,-64.181464,0.260000,26.000000,Limo
p1_transito,SE,-41.597742,-64.164458,0.280000,28.000000,Limo
p1_transito,SE,-41.610439,-64.147445,0.300000,30.000000,Limo
p1_transito,SE,-41.623133,-64.130426,0.320000,32.000000,Limo
p1_transito,SE,-41.635825,-64.113400,0.340000,34.000000,Limo
p1_transito,SE,-41.648514,-64.096367,0.360000,36.000000,Arena
p1_transito,SE,-41.661201,-64.079327,0.380000,38.000000,Arena
p1_transito,SE,-41.673885,-64.062281,0.400000,40.000000,Arena
p1_transito,SE,-41.686567,-64.045228,0.420000,42.000000,Arena
p1_transito,SE,-41.699246,-64.028168,0.440000,44.000000,Arena
p1_transito,SE,-41.711922,-64.011102,0.460000,46.000000,Arena
p1_transito,SE,-41.724596,-63.994029,0.480000,48.000000,Arena
p1_transito,SE,-41.737267,-63.976949,0.500000,50.000000,Arena
p1_transito,SE,-41.749936,-63.959862,0.520000,52.000000,Arena
p1_transito,SE,-41.762602,-63.942769,0.540000,54.000000,Arena
p1_transito,SE,-41.775266,-63.925669,0.560000,56.000000,Arena
p1_transito,SE,-41.787927,-63.908563,0.580000,58.000000,Arena
p1_transito,SE,-41.800585,-63.891449,0.600000,60.000000,Arena
p1_transito,SE,-41.813241,-63.874329,0.620000,62.000000,Arena
p1_transito,SE,-41.825894,-63.857202,0.640000,64.000000,Arena
p1_transito,SE,-41.838545,-63.840069,0.660000,66.000000,Arena
p1_transito,SE,-41.851193,-63.822928,0.680000,68.000000,Arena
p1_transito,SE,-41.863839,-63.805781,0.700000,70.000000,Arena
p1_transito,SE,-41.876481,-63.788627,0.720000,72.000000,Arena
p1_transito,SE,-41.889122,-63.771467,0.740000,74.000000,Arena
p1_transito,SE,-41.901760,-63.754299,0.760000,76.000000,Arena
p1_transito,SE,-41.914395,-63.737125,0.780000,78.000000,Grava arenosa
p1_transito,SE,-41.927027,-63.719944,0.800000,80.000000,Grava arenosa
p1_transito,SE,-41.939657,-63.702756,0.820000,82.000000,Grava arenosa
p1_transito,SE,-41.952285,-63.685562,0.840000,84.000000,Grava con conchilla
p1_transito,SE,-41.964909,-63.668360,0.860000,86.000000,Grava con conchilla
p1_transito,SE,-41.977531,-63.651152,0.880000,88.000000,Grava con conchilla
p1_transito,SE,-41.990151,-63.633937,0.900000,90.000000,Grava arenosa
p1_transito,SE,-42.002768,-63.616716,0.920000,92.000000,Grava arenosa
p1_transito,SE,-42.015382,-63.599487,0.940000,94.000000,Grava arenosa
p1_transito,SE,-42.027994,-63.582252,0.960000,96.000000,Grava arenosa
p1_transito,SE,-42.040603,-63.565010,0.980000,98.000000,Grava arenosa
p1_transito,SE,-42.053209,-63.547761,1.000000,100.000000,Grava arenosa
p1_transito,SSE,-41.419720,-64.401940,0.000000,0.000000,Limo
p1_transito,SSE,-41.434441,-64.393837,0.020000,1.770000,Limo
p1_transito,SSE,-41.449161,-64.385731,0.040000,3.539000,Limo
p1_transito,SSE,-41.463880,-64.377621,0.060000,5.309000,Limo
p1_transito,SSE,-41.478599,-64.369508,0.080000,7.079000,Limo
p1_transito,SSE,-41.493317,-64.361391,0.100000,8.848000,Limo
p1_transito,SSE,-41.508035,-64.353270,0.120000,10.618000,Limo
p1_transito,SSE,-41.522752,-64.345145,0.140000,12.387000,Limo
p1_transito,SSE,-41.537468,-64.337017,0.160000,14.157000,Limo
p1_transito,SSE,-41.552184,-64.328885,0.180000,15.927000,Limo
p1_transito,SSE,-41.566899,-64.320749,0.200000,17.696000,Limo
p1_transito,SSE,-41.581613,-64.312610,0.220000,19.466000,Limo
p1_transito,SSE,-41.596327,-64.304467,0.240000,21.236000,Limo
p1_transito,SSE,-41.611040,-64.296320,0.260000,23.005000,Limo
p1_transito,SSE,-41.625753,-64.288170,0.280000,24.775000,Limo
p1_transito,SSE,-41.640465,-64.280016,0.300000,26.545000,Limo
p1_transito,SSE,-41.655177,-64.271858,0.320000,28.314000,Limo
p1_transito,SSE,-41.669887,-64.263697,0.340000,30.084000,Limo
p1_transito,SSE,-41.684598,-64.255531,0.360000,31.854000,Limo
p1_transito,SSE,-41.699307,-64.247362,0.380000,33.623000,Limo
p1_transito,SSE,-41.714016,-64.239190,0.400000,35.393000,Limo
p1_transito,SSE,-41.728724,-64.231013,0.420000,37.162000,Limo
p1_transito,SSE,-41.743432,-64.222833,0.440000,38.932000,Limo
p1_transito,SSE,-41.758139,-64.214649,0.460000,40.702000,Limo
p1_transito,SSE,-41.772846,-64.206462,0.480000,42.471000,Limo
p1_transito,SSE,-41.787552,-64.198270,0.500000,44.241000,Limo
p1_transito,SSE,-41.802257,-64.190075,0.520000,46.011000,Limo
p1_transito,SSE,-41.816961,-64.181876,0.540000,47.780000,Limo
p1_transito,SSE,-41.831665,-64.173674,0.560000,49.550000,Limo
p1_transito,SSE,-41.846369,-64.165467,0.580000,51.320000,Limo
p1_transito,SSE,-41.861072,-64.157257,0.600000,53.089000,Limo
p1_transito,SSE,-41.875774,-64.149043,0.620000,54.859000,Limo
p1_transito,SSE,-41.890475,-64.140826,0.640000,56.629000,Arena
p1_transito,SSE,-41.905176,-64.132604,0.660000,58.398000,Arena
p1_transito,SSE,-41.919876,-64.124379,0.680000,60.168000,Arena
p1_transito,SSE,-41.934576,-64.116150,0.700000,61.937000,Arena
p1_transito,SSE,-41.949275,-64.107917,0.720000,63.707000,Arena
p1_transito,SSE,-41.963973,-64.099681,0.740000,65.477000,Arena
p1_transito,SSE,-41.978671,-64.091440,0.760000,67.246000,Arena
p1_transito,SSE,-41.993368,-64.083196,0.780000,69.016000,Arena
p1_transito,SSE,-42.008065,-64.074948,0.800000,70.786000,Arena
p1_transito,SSE,-42.022760,-64.066697,0.820000,72.555000,Arena
p1_transito,SSE,-42.037456,-64.058441,0.840000,74.325000,Arena
p1_transito,SSE,-42.052150,-64.050182,0.860000,76.095000,Arena
p1_transito,SSE,-42.066844,-64.041919,0.880000,77.864000,Grava arenosa
p1_transito,SSE,-42.081537,-64.033652,0.900000,79.634000,Grava arenosa
p1_transito,SSE,-42.096230,-64.025381,0.920000,81.404000,Grava arenosa
p1_transito,SSE,-42.110922,-64.017106,0.940000,83.173000,Grava arenosa
p1_transito,SSE,-42.125614,-64.008828,0.960000,84.943000,Grava arenosa
p1_transito,SSE,-42.140304,-64.000546,0.980000,86.712000,Grava arenosa
p1_transito,SSE,-42.154994,-63.992260,1.000000,88.482000,Grava arenosa
p1_transito,S,-41.419720,-64.401940,0.000000,0.000000,Limo
p1_transito,S,-41.437728,-64.401940,0.020000,2.000000,Limo
p1_transito,S,-41.455736,-64.401940,0.040000,4.000000,Limo
p1_transito,S,-41.473744,-64.401940,0.060000,6.000000,Limo
p1_transito,S,-41.491751,-64.401940,0.080000,8.000000,Limo
p1_transito,S,-41.509759,-64.401940,0.100000,10.000000,Limo
p1_transito,S,-41.527767,-64.401940,0.120000,12.000000,Limo
p1_transito,S,-41.545774,-64.401940,0.140000,14.000000,Limo
p1_transito,S,-41.563782,-64.401940,0.160000,16.000000,Limo
p1_transito,S,-41.581789,-64.401940,0.180000,18.000000,Limo
p1_transito,S,-41.599797,-64.401940,0.200000,20.000000,Limo
p1_transito,S,-41.617804,-64.401940,0.220000,22.000000,Limo
p1_transito,S,-41.635811,-64.401940,0.240000,24.000000,Limo
p1_transito,S,-41.653819,-64.401940,0.260000,26.000000,Limo
p1_transito,S,-41.671826,-64.401940,0.280000,28.000000,Limo
p1_transito,S,-41.689833,-64.401940,0.300000,30.000000,Limo
p1_transito,S,-41.707840,-64.401940,0.320000,32.000000,Limo
p1_transito,S,-41.725847,-64.401940,0.340000,34.000000,Limo
p1_transito,S,-41.743854,-64.401940,0.360000,36.000000,Limo
p1_transito,S,-41.761861,-64.401940,0.380000,38.000000,Limo
p1_transito,S,-41.779868,-64.401940,0.400000,40.000000,Limo
p1_transito,S,-41.797875,-64.401940,0.420000,42.000000,Limo
p1_transito,S,-41.815881,-64.401940,0.440000,44.000000,Limo
p1_transito,S,-41.833888,-64.401940,0.460000,46.000000,Limo
p1_transito,S,-41.851895,-64.401940,0.480000,48.000000,Limo
p1_transito,S,-41.869901,-64.401940,0.500000,50.000000,Limo
p1_transito,S,-41.887908,-64.401940,0.520000,52.000000,Limo
p1_transito,S,-41.905914,-64.401940,0.540000,54.000000,Limo
p1_transito,S,-41.923921,-64.401940,0.560000,56.000000,Limo
p1_transito,S,-41.941927,-64.401940,0.580000,58.000000,Limo
p1_transito,S,-41.959933,-64.401940,0.600000,60.000000,Limo
p1_transito,S,-41.977939,-64.401940,0.620000,62.000000,Limo
p1_transito,S,-41.995946,-64.401940,0.640000,64.000000,Limo
p1_transito,S,-42.013952,-64.401940,0.660000,66.000000,Limo
p1_transito,S,-42.031958,-64.401940,0.680000,68.000000,Limo
p1_transito,S,-42.049964,-64.401940,0.700000,70.000000,Limo
p1_transito,S,-42.067970,-64.401940,0.720000,72.000000,Limo
p1_transito,S,-42.085976,-64.401940,0.740000,74.000000,Limo
p1_transito,S,-42.103981,-64.401940,0.760000,76.000000,Limo
p1_transito,S,-42.121987,-64.401940,0.780000,78.000000,Limo
p1_transito,S,-42.139993,-64.401940,0.800000,80.000000,Limo
p1_transito,S,-42.157999,-64.401940,0.820000,82.000000,Limo
p1_transito,S,-42.176004,-64.401940,0.840000,84.000000,Limo
p1_transito,S,-42.194010,-64.401940,0.860000,86.000000,Arena
p1_transito,S,-42.212015,-64.401940,0.880000,88.000000,Arena
p1_transito,S,-42.230021,-64.401940,0.900000,90.000000,Arena
p1_transito,S,-42.248026,-64.401940,0.920000,92.000000,Arena
p1_transito,S,-42.266031,-64.401940,0.940000,94.000000,Arena
p1_transito,S,-42.284037,-64.401940,0.960000,96.000000,Arena
p1_transito,S,-42.302042,-64.401940,0.980000,98.000000,Arena
p1_transito,S,-42.320047,-64.401940,1.000000,100.000000,Arena
p1_transito,SSW,-41.419720,-64.401940,0.000000,0.000000,Limo
p1_transito,SSW,-41.434998,-64.410350,0.020000,1.837000,Limo
p1_transito,SSW,-41.450276,-64.418763,0.040000,3.673000,Limo
p1_transito,SSW,-41.465553,-64.427181,0.060000,5.510000,Limo
p1_transito,SSW,-41.480830,-64.435602,0.080000,7.347000,Limo
p1_transito,SSW,-41.496106,-64.444028,0.100000,9.184000,Limo
p1_transito,SSW,-41.511381,-64.452457,0.120000,11.020000,Limo
p1_transito,SSW,-41.526655,-64.460891,0.140000,12.857000,Limo
p1_transito,SSW,-41.541929,-64.469328,0.160000,14.694000,Limo
p1_transito,SSW,-41.557202,-64.477769,0.180000,16.530000,Limo
p1_transito,SSW,-41.572475,-64.486214,0.200000,18.367000,Limo
p1_transito,SSW,-41.587747,-64.494664,0.220000,20.204000,Limo
p1_transito,SSW,-41.603018,-64.503117,0.240000,22.040000,Limo
p1_transito,SSW,-41.618288,-64.511574,0.260000,23.877000,Limo
p1_transito,SSW,-41.633558,-64.520035,0.280000,25.714000,Limo
p1_transito,SSW,-41.648827,-64.528501,0.300000,27.551000,Limo
p1_transito,SSW,-41.664096,-64.536970,0.320000,29.387000,Limo
p1_transito,SSW,-41.679364,-64.545443,0.340000,31.224000,Limo
p1_transito,SSW,-41.694631,-64.553920,0.360000,33.061000,Limo
p1_transito,SSW,-41.709897,-64.562402,0.380000,34.897000,Limo
p1_transito,SSW,-41.725163,-64.570887,0.400000,36.734000,Limo
p1_transito,SSW,-41.740429,-64.579376,0.420000,38.571000,Limo
p1_transito,SSW,-41.755693,-64.587869,0.440000,40.407000,Limo
p1_transito,SSW,-41.770957,-64.596367,0.460000,42.244000,Limo
p1_transito,SSW,-41.786220,-64.604868,0.480000,44.081000,Limo
p1_transito,SSW,-41.801483,-64.613373,0.500000,45.918000,Limo
p1_transito,SSW,-41.816745,-64.621883,0.520000,47.754000,Limo
p1_transito,SSW,-41.832006,-64.630396,0.540000,49.591000,Limo
p1_transito,SSW,-41.847266,-64.638914,0.560000,51.428000,Arena limosa
p1_transito,SSW,-41.862526,-64.647435,0.580000,53.264000,Arena limosa
p1_transito,SSW,-41.877785,-64.655961,0.600000,55.101000,Arena limosa
p1_transito,SSW,-41.893044,-64.664491,0.620000,56.938000,Arena limosa
p1_transito,SSW,-41.908302,-64.673024,0.640000,58.774000,Arena limosa
p1_transito,SSW,-41.923559,-64.681562,0.660000,60.611000,Arena limosa
p1_transito,SSW,-41.938815,-64.690104,0.680000,62.448000,Arena limosa
p1_transito,SSW,-41.954071,-64.698650,0.700000,64.285000,Arena limosa
p1_transito,SSW,-41.969326,-64.707200,0.720000,66.121000,Arena limosa
p1_transito,SSW,-41.984580,-64.715754,0.740000,67.958000,Arena limosa
p1_transito,SSW,-41.999834,-64.724312,0.760000,69.795000,Limo
p1_transito,SSW,-42.015087,-64.732875,0.780000,71.631000,Limo
p1_transito,SSW,-42.030340,-64.741441,0.800000,73.468000,Limo
p1_transito,SSW,-42.045591,-64.750011,0.820000,75.305000,Limo
p1_transito,SSW,-42.060842,-64.758586,0.840000,77.141000,Limo
p1_transito,SSW,-42.076093,-64.767165,0.860000,78.978000,Limo
p1_transito,SSW,-42.091342,-64.775747,0.880000,80.815000,Limo
p1_transito,SSW,-42.106591,-64.784334,0.900000,82.652000,Limo
p1_transito,SSW,-42.121840,-64.792925,0.920000,84.488000,Limo
p1_transito,SSW,-42.137087,-64.801520,0.940000,86.325000,Grava arenosa
p1_transito,SSW,-42.152334,-64.810120,0.960000,88.162000,Grava arenosa
p1_transito,SSW,-42.167581,-64.818723,0.980000,89.998000,Grava arenosa
p1_transito,SSW,-42.182826,-64.827330,1.000000,91.835000,Grava arenosa
p1_transito,SW,-41.419720,-64.401940,0.000000,0.000000,Limo
p1_transito,SW,-41.429284,-64.414649,0.020000,1.502000,Limo
p1_transito,SW,-41.438848,-64.427362,0.040000,3.005000,Limo
p1_transito,SW,-41.448409,-64.440079,0.060000,4.507000,Limo
p1_transito,SW,-41.457969,-64.452800,0.080000,6.009000,Limo
p1_transito,SW,-41.467528,-64.465524,0.100000,7.512000,Limo
p1_transito,SW,-41.477086,-64.478252,0.120000,9.014000,Limo
p1_transito,SW,-41.486642,-64.490983,0.140000,10.517000,Limo
p1_transito,SW,-41.496196,-64.503719,0.160000,12.019000,Limo
p1_transito,SW,-41.505749,-64.516458,0.180000,13.521000,Limo
p1_transito,SW,-41.515301,-64.529201,0.200000,15.024000,Limo
p1_transito,SW,-41.524851,-64.541948,0.220000,16.526000,Limo
p1_transito,SW,-41.534400,-64.554698,0.240000,18.028000,Limo
p1_transito,SW,-41.543947,-64.567452,0.260000,19.531000,Limo
p1_transito,SW,-41.553493,-64.580210,0.280000,21.033000,Limo
p1_transito,SW,-41.563038,-64.592972,0.300000,22.535000,Limo
p1_transito,SW,-41.572581,-64.605737,0.320000,24.038000,Limo
p1_transito,SW,-41.582122,-64.618506,0.340000,25.540000,Limo
p1_transito,SW,-41.591663,-64.631279,0.360000,27.042000,Limo
p1_transito,SW,-41.601201,-64.644056,0.380000,28.545000,Limo
p1_transito,SW,-41.610739,-64.656836,0.400000,30.047000,Limo
p1_transito,SW,-41.620275,-64.669621,0.420000,31.550000,Limo
p1_transito,SW,-41.629809,-64.682409,0.440000,33.052000,Limo
p1_transito,SW,-41.639342,-64.695200,0.460000,34.554000,Limo
p1_transito,SW,-41.648874,-64.707996,0.480000,36.057000,Limo
p1_transito,SW,-41.658404,-64.720795,0.500000,37.559000,Limo
p1_transito,SW,-41.667933,-64.733598,0.520000,39.061000,Limo
p1_transito,SW,-41.677460,-64.746405,0.540000,40.564000,Limo
p1_transito,SW,-41.686986,-64.759216,0.560000,42.066000,Limo
p1_transito,SW,-41.696510,-64.772030,0.580000,43.568000,Arena limosa
p1_transito,SW,-41.706033,-64.784849,0.600000,45.071000,Arena limosa
p1_transito,SW,-41.715555,-64.797671,0.620000,46.573000,Arena limosa
p1_transito,SW,-41.725075,-64.810496,0.640000,48.076000,Arena limosa
p1_transito,SW,-41.734593,-64.823326,0.660000,49.578000,Arena limosa
p1_transito,SW,-41.744110,-64.836159,0.680000,51.080000,Arena limosa
p1_transito,SW,-41.753626,-64.848996,0.700000,52.583000,Arena limosa
p1_transito,SW,-41.763140,-64.861837,0.720000,54.085000,Arena limosa
p1_transito,SW,-41.772653,-64.874682,0.740000,55.587000,Arena limosa
p1_transito,SW,-41.782164,-64.887531,0.760000,57.090000,Arena limosa
p1_transito,SW,-41.791674,-64.900383,0.780000,58.592000,Arena limosa
p1_transito,SW,-41.801183,-64.913239,0.800000,60.094000,Arena limosa
p1_transito,SW,-41.810690,-64.926099,0.820000,61.597000,Arena limosa
p1_transito,SW,-41.820195,-64.938963,0.840000,63.099000,Grava arenosa
p1_transito,SW,-41.829699,-64.951830,0.860000,64.602000,Grava arenosa
p1_transito,SW,-41.839202,-64.964702,0.880000,66.104000,Grava arenosa
p1_transito,SW,-41.848703,-64.977577,0.900000,67.606000,Grava arenosa
p1_transito,SW,-41.858203,-64.990456,0.920000,69.109000,Grava arenosa
p1_transito,SW,-41.867701,-65.003338,0.940000,70.611000,Grava arenosa
p1_transito,SW,-41.877198,-65.016225,0.960000,72.113000,Grava arenosa
p1_transito,SW,-41.886693,-65.029115,0.980000,73.616000,Grava arenosa
p1_transito,SW,-41.896187,-65.042010,1.000000,75.118000,Grava arenosa
p1_transito,WSW,-41.419720,-64.401940,0.000000,0.000000,Limo
p1_transito,WSW,-41.423535,-64.414179,0.020000,1.107000,Limo
p1_transito,WSW,-41.427349,-64.426418,0.040000,2.215000,Limo
p1_transito,WSW,-41.431161,-64.438660,0.060000,3.322000,Limo
p1_transito,WSW,-41.434972,-64.450903,0.080000,4.429000,Limo
p1_transito,WSW,-41.438782,-64.463147,0.100000,5.537000,Limo
p1_transito,WSW,-41.442590,-64.475392,0.120000,6.644000,Limo
p1_transito,WSW,-41.446397,-64.487640,0.140000,7.752000,Limo
p1_transito,WSW,-41.450203,-64.499888,0.160000,8.859000,Limo
p1_transito,WSW,-41.454008,-64.512138,0.180000,9.966000,Limo
p1_transito,WSW,-41.457811,-64.524389,0.200000,11.074000,Limo
p1_transito,WSW,-41.461613,-64.536642,0.220000,12.181000,Limo
p1_transito,WSW,-41.465413,-64.548897,0.240000,13.288000,Limo
p1_transito,WSW,-41.469213,-64.561152,0.260000,14.396000,Limo
p1_transito,WSW,-41.473011,-64.573409,0.280000,15.503000,Limo
p1_transito,WSW,-41.476807,-64.585668,0.300000,16.610000,Limo
p1_transito,WSW,-41.480603,-64.597928,0.320000,17.718000,Limo
p1_transito,WSW,-41.484397,-64.610189,0.340000,18.825000,Limo
p1_transito,WSW,-41.488189,-64.622452,0.360000,19.933000,Limo
p1_transito,WSW,-41.491981,-64.634716,0.380000,21.040000,Limo
p1_transito,WSW,-41.495771,-64.646982,0.400000,22.147000,Limo
p1_transito,WSW,-41.499560,-64.659249,0.420000,23.255000,Limo
p1_transito,WSW,-41.503347,-64.671518,0.440000,24.362000,Limo
p1_transito,WSW,-41.507133,-64.683788,0.460000,25.469000,Limo
p1_transito,WSW,-41.510918,-64.696059,0.480000,26.577000,Limo
p1_transito,WSW,-41.514702,-64.708332,0.500000,27.684000,Limo
p1_transito,WSW,-41.518484,-64.720606,0.520000,28.791000,Limo
p1_transito,WSW,-41.522265,-64.732882,0.540000,29.899000,Limo
p1_transito,WSW,-41.526045,-64.745159,0.560000,31.006000,Limo
p1_transito,WSW,-41.529823,-64.757438,0.580000,32.113000,Limo
p1_transito,WSW,-41.533600,-64.769718,0.600000,33.221000,Limo
p1_transito,WSW,-41.537376,-64.781999,0.620000,34.328000,Limo
p1_transito,WSW,-41.541150,-64.794282,0.640000,35.436000,Limo
p1_transito,WSW,-41.544923,-64.806566,0.660000,36.543000,Limo
p1_transito,WSW,-41.548695,-64.818852,0.680000,37.650000,Limo
p1_transito,WSW,-41.552465,-64.831139,0.700000,38.758000,Limo
p1_transito,WSW,-41.556234,-64.843427,0.720000,39.865000,Arena
p1_transito,WSW,-41.560002,-64.855717,0.740000,40.972000,Arena
p1_transito,WSW,-41.563768,-64.868009,0.760000,42.080000,Arena
p1_transito,WSW,-41.567534,-64.880302,0.780000,43.187000,Arena
p1_transito,WSW,-41.571297,-64.892596,0.800000,44.294000,Arena
p1_transito,WSW,-41.575060,-64.904892,0.820000,45.402000,Grava arenosa
p1_transito,WSW,-41.578821,-64.917189,0.840000,46.509000,Grava arenosa
p1_transito,WSW,-41.582581,-64.929487,0.860000,47.617000,Grava arenosa
p1_transito,WSW,-41.586340,-64.941787,0.880000,48.724000,Grava arenosa
p1_transito,WSW,-41.590097,-64.954089,0.900000,49.831000,Grava arenosa
p1_transito,WSW,-41.593853,-64.966392,0.920000,50.939000,Grava arenosa
p1_transito,WSW,-41.597607,-64.978696,0.940000,52.046000,Grava arenosa
p1_transito,WSW,-41.601361,-64.991001,0.960000,53.153000,Grava arenosa
p1_transito,WSW,-41.605113,-65.003309,0.980000,54.261000,Grava arenosa
p1_transito,WSW,-41.608863,-65.015617,1.000000,55.368000,Grava arenosa
p1_transito,W,-41.419720,-64.401940,0.000000,0.000000,Limo
p1_transito,W,-41.419719,-64.415263,0.020000,1.114000,Limo
p1_transito,W,-41.419717,-64.428586,0.040000,2.228000,Limo
p1_transito,W,-41.419713,-64.441909,0.060000,3.341000,Limo
p1_transito,W,-41.419708,-64.455232,0.080000,4.455000,Limo
p1_transito,W,-41.419701,-64.468555,0.100000,5.569000,Limo
p1_transito,W,-41.419692,-64.481878,0.120000,6.683000,Limo
p1_transito,W,-41.419682,-64.495201,0.140000,7.797000,Limo
p1_transito,W,-41.419671,-64.508523,0.160000,8.910000,Limo
p1_transito,W,-41.419658,-64.521846,0.180000,10.024000,Limo
p1_transito,W,-41.419643,-64.535169,0.200000,11.138000,Limo
p1_transito,W,-41.419627,-64.548492,0.220000,12.252000,Limo
p1_transito,W,-41.419609,-64.561815,0.240000,13.365000,Limo
p1_transito,W,-41.419590,-64.575138,0.260000,14.479000,Limo
p1_transito,W,-41.419569,-64.588461,0.280000,15.593000,Limo
p1_transito,W,-41.419546,-64.601784,0.300000,16.707000,Limo
p1_transito,W,-41.419523,-64.615107,0.320000,17.821000,Limo
p1_transito,W,-41.419497,-64.628429,0.340000,18.934000,Limo
p1_transito,W,-41.419470,-64.641752,0.360000,20.048000,Limo
p1_transito,W,-41.419442,-64.655075,0.380000,21.162000,Limo
p1_transito,W,-41.419411,-64.668398,0.400000,22.276000,Limo
p1_transito,W,-41.419380,-64.681721,0.420000,23.390000,Limo
p1_transito,W,-41.419347,-64.695043,0.440000,24.503000,Limo
p1_transito,W,-41.419312,-64.708366,0.460000,25.617000,Limo
p1_transito,W,-41.419276,-64.721689,0.480000,26.731000,Limo
p1_transito,W,-41.419238,-64.735012,0.500000,27.845000,Limo
p1_transito,W,-41.419199,-64.748334,0.520000,28.958000,Limo
p1_transito,W,-41.419158,-64.761657,0.540000,30.072000,Limo
p1_transito,W,-41.419115,-64.774980,0.560000,31.186000,Limo
p1_transito,W,-41.419071,-64.788303,0.580000,32.300000,Limo
p1_transito,W,-41.419026,-64.801625,0.600000,33.414000,Limo
p1_transito,W,-41.418979,-64.814948,0.620000,34.527000,Limo
p1_transito,W,-41.418930,-64.828270,0.640000,35.641000,Limo
p1_transito,W,-41.418880,-64.841593,0.660000,36.755000,Limo
p1_transito,W,-41.418828,-64.854916,0.680000,37.869000,Limo
p1_transito,W,-41.418775,-64.868238,0.700000,38.983000,Limo
p1_transito,W,-41.418720,-64.881561,0.720000,40.096000,Limo
p1_transito,W,-41.418664,-64.894883,0.740000,41.210000,Limo
p1_transito,W,-41.418606,-64.908206,0.760000,42.324000,Limo
p1_transito,W,-41.418547,-64.921528,0.780000,43.438000,Arena
p1_transito,W,-41.418486,-64.934851,0.800000,44.551000,Arena
p1_transito,W,-41.418423,-64.948173,0.820000,45.665000,Arena
p1_transito,W,-41.418359,-64.961496,0.840000,46.779000,Arena
p1_transito,W,-41.418294,-64.974818,0.860000,47.893000,Grava arenosa
p1_transito,W,-41.418227,-64.988140,0.880000,49.007000,Grava arenosa
p1_transito,W,-41.418158,-65.001463,0.900000,50.120000,Grava arenosa
p1_transito,W,-41.418088,-65.014785,0.920000,51.234000,Grava arenosa
p1_transito,W,-41.418016,-65.028107,0.940000,52.348000,Grava arenosa
p1_transito,W,-41.417943,-65.041429,0.960000,53.462000,Grava arenosa
p1_transito,W,-41.417868,-65.054751,0.980000,54.576000,Grava arenosa
p1_transito,W,-41.417792,-65.068074,1.000000,55.689000,Grava arenosa
p1_transito,WNW,-41.419720,-64.401940,0.000000,0.000000,Limo
p1_transito,WNW,-41.415110,-64.416721,0.020000,1.338000,Limo
p1_transito,WNW,-41.410498,-64.431501,0.040000,2.675000,Limo
p1_transito,WNW,-41.405885,-64.446278,0.060000,4.013000,Limo
p1_transito,WNW,-41.401269,-64.461053,0.080000,5.350000,Limo
p1_transito,WNW,-41.396651,-64.475826,0.100000,6.688000,Limo
p1_transito,WNW,-41.392032,-64.490596,0.120000,8.026000,Limo
p1_transito,WNW,-41.387411,-64.505365,0.140000,9.363000,Limo
p1_transito,WNW,-41.382787,-64.520132,0.160000,10.701000,Limo
p1_transito,WNW,-41.378162,-64.534896,0.180000,12.039000,Limo
p1_transito,WNW,-41.373535,-64.549659,0.200000,13.376000,Limo
p1_transito,WNW,-41.368906,-64.564419,0.220000,14.714000,Limo
p1_transito,WNW,-41.364275,-64.579178,0.240000,16.051000,Limo
p1_transito,WNW,-41.359643,-64.593934,0.260000,17.389000,Limo
p1_transito,WNW,-41.355008,-64.608688,0.280000,18.727000,Limo
p1_transito,WNW,-41.350372,-64.623440,0.300000,20.064000,Limo
p1_transito,WNW,-41.345733,-64.638190,0.320000,21.402000,Limo
p1_transito,WNW,-41.341093,-64.652938,0.340000,22.739000,Limo
p1_transito,WNW,-41.336451,-64.667684,0.360000,24.077000,Limo
p1_transito,WNW,-41.331807,-64.682427,0.380000,25.415000,Limo
p1_transito,WNW,-41.327161,-64.697169,0.400000,26.752000,Limo
p1_transito,WNW,-41.322513,-64.711908,0.420000,28.090000,Limo
p1_transito,WNW,-41.317863,-64.726646,0.440000,29.427000,Limo
p1_transito,WNW,-41.313211,-64.741381,0.460000,30.765000,Limo
p1_transito,WNW,-41.308558,-64.756114,0.480000,32.103000,Limo
p1_transito,WNW,-41.303902,-64.770845,0.500000,33.440000,Limo
p1_transito,WNW,-41.299245,-64.785574,0.520000,34.778000,Limo
p1_transito,WNW,-41.294586,-64.800301,0.540000,36.116000,Limo
p1_transito,WNW,-41.289925,-64.815026,0.560000,37.453000,Limo
p1_transito,WNW,-41.285262,-64.829748,0.580000,38.791000,Limo
p1_transito,WNW,-41.280597,-64.844469,0.600000,40.128000,Limo
p1_transito,WNW,-41.275930,-64.859187,0.620000,41.466000,Limo
p1_transito,WNW,-41.271262,-64.873904,0.640000,42.804000,Limo
p1_transito,WNW,-41.266591,-64.888618,0.660000,44.141000,Limo
p1_transito,WNW,-41.261919,-64.903330,0.680000,45.479000,Limo
p1_transito,WNW,-41.257244,-64.918041,0.700000,46.816000,Limo
p1_transito,WNW,-41.252568,-64.932749,0.720000,48.154000,Limo
p1_transito,WNW,-41.247890,-64.947454,0.740000,49.492000,Limo
p1_transito,WNW,-41.243210,-64.962158,0.760000,50.829000,Limo
p1_transito,WNW,-41.238528,-64.976860,0.780000,52.167000,Arena
p1_transito,WNW,-41.233845,-64.991560,0.800000,53.505000,Arena
p1_transito,WNW,-41.229159,-65.006257,0.820000,54.842000,Arena
p1_transito,WNW,-41.224472,-65.020953,0.840000,56.180000,Arena
p1_transito,WNW,-41.219782,-65.035646,0.860000,57.517000,Arena
p1_transito,WNW,-41.215091,-65.050337,0.880000,58.855000,Arena
p1_transito,WNW,-41.210398,-65.065026,0.900000,60.193000,Arena
p1_transito,WNW,-41.205703,-65.079713,0.920000,61.530000,Arena
p1_transito,WNW,-41.201006,-65.094398,0.940000,62.868000,Arena
p1_transito,WNW,-41.196308,-65.109081,0.960000,64.205000,Arena
p1_transito,WNW,-41.191607,-65.123762,0.980000,65.543000,Arena
p1_transito,WNW,-41.186904,-65.138440,1.000000,66.881000,Arena
p1_transito,NW,-41.419720,-64.401940,0.000000,0.000000,Limo
p1_transito,NW,-41.408759,-64.416497,0.020000,1.721000,Limo
p1_transito,NW,-41.397797,-64.431050,0.040000,3.443000,Limo
p1_transito,NW,-41.386833,-64.445598,0.060000,5.164000,Limo
p1_transito,NW,-41.375867,-64.460141,0.080000,6.886000,Limo
p1_transito,NW,-41.364899,-64.474678,0.100000,8.607000,Limo
p1_transito,NW,-41.353929,-64.489211,0.120000,10.328000,Limo
p1_transito,NW,-41.342957,-64.503740,0.140000,12.050000,Limo
p1_transito,NW,-41.331984,-64.518263,0.160000,13.771000,Limo
p1_transito,NW,-41.321008,-64.532781,0.180000,15.492000,Limo
p1_transito,NW,-41.310031,-64.547295,0.200000,17.214000,Limo
p1_transito,NW,-41.299052,-64.561804,0.220000,18.935000,Limo
p1_transito,NW,-41.288071,-64.576307,0.240000,20.657000,Limo
p1_transito,NW,-41.277088,-64.590806,0.260000,22.378000,Limo
p1_transito,NW,-41.266103,-64.605300,0.280000,24.099000,Limo
p1_transito,NW,-41.255117,-64.619790,0.300000,25.821000,Limo
p1_transito,NW,-41.244128,-64.634274,0.320000,27.542000,Limo
p1_transito,NW,-41.233138,-64.648753,0.340000,29.263000,Limo
p1_transito,NW,-41.222146,-64.663228,0.360000,30.985000,Limo
p1_transito,NW,-41.211152,-64.677698,0.380000,32.706000,Limo
p1_transito,NW,-41.200157,-64.692163,0.400000,34.428000,Limo
p1_transito,NW,-41.189159,-64.706623,0.420000,36.149000,Limo
p1_transito,NW,-41.178160,-64.721078,0.440000,37.870000,Limo
p1_transito,NW,-41.167158,-64.735529,0.460000,39.592000,Limo
p1_transito,NW,-41.156155,-64.749974,0.480000,41.313000,Limo
p1_transito,NW,-41.145151,-64.764415,0.500000,43.034000,Limo
p1_transito,NW,-41.134144,-64.778851,0.520000,44.756000,Limo
p1_transito,NW,-41.123135,-64.793282,0.540000,46.477000,Limo
p1_transito,NW,-41.112125,-64.807709,0.560000,48.199000,Limo
p1_transito,NW,-41.101113,-64.822130,0.580000,49.920000,Limo
p1_transito,NW,-41.090099,-64.836547,0.600000,51.641000,Limo
p1_transito,NW,-41.079083,-64.850959,0.620000,53.363000,Limo
p1_transito,NW,-41.068065,-64.865366,0.640000,55.084000,Limo
p1_transito,NW,-41.057046,-64.879768,0.660000,56.805000,Limo
p1_transito,NW,-41.046024,-64.894165,0.680000,58.527000,Limo
p1_transito,NW,-41.035001,-64.908558,0.700000,60.248000,Limo
p1_transito,NW,-41.023976,-64.922946,0.720000,61.970000,Limo
p1_transito,NW,-41.012950,-64.937329,0.740000,63.691000,Arena
p1_transito,NW,-41.001921,-64.951707,0.760000,65.412000,Arena
p1_transito,NW,-40.990891,-64.966081,0.780000,67.134000,Arena
p1_transito,NW,-40.979858,-64.980449,0.800000,68.855000,Arena
p1_transito,NW,-40.968824,-64.994813,0.820000,70.576000,Arena
p1_transito,NW,-40.957789,-65.009172,0.840000,72.298000,Arena
p1_transito,NW,-40.946751,-65.023526,0.860000,74.019000,Arena
p1_transito,NW,-40.935711,-65.037876,0.880000,75.741000,Arena
p1_transito,NW,-40.924670,-65.052221,0.900000,77.462000,Arena
p1_transito,NW,-40.913627,-65.066561,0.920000,79.183000,Arena
p1_transito,NW,-40.902582,-65.080896,0.940000,80.905000,Arena
p1_transito,NW,-40.891536,-65.095226,0.960000,82.626000,Arena
p1_transito,NW,-40.880487,-65.109552,0.980000,84.347000,Arena
p1_transito,NW,-40.869437,-65.123873,1.000000,86.069000,Arena
p1_transito,NNW,-41.419720,-64.401940,0.000000,0.000000,Limo
p1_transito,NNW,-41.408080,-64.408344,0.020000,1.399000,Limo
p1_transito,NNW,-41.396440,-64.414746,0.040000,2.798000,Limo
p1_transito,NNW,-41.384800,-64.421145,0.060000,4.198000,Limo
p1_transito,NNW,-41.373159,-64.427542,0.080000,5.597000,Limo
p1_transito,NNW,-41.361518,-64.433937,0.100000,6.996000,Limo
p1_transito,NNW,-41.349876,-64.440329,0.120000,8.395000,Limo
p1_transito,NNW,-41.338234,-64.446720,0.140000,9.795000,Limo
p1_transito,NNW,-41.326591,-64.453108,0.160000,11.194000,Limo
p1_transito,NNW,-41.314949,-64.459493,0.180000,12.593000,Limo
p1_transito,NNW,-41.303306,-64.465877,0.200000,13.992000,Limo
p1_transito,NNW,-41.291662,-64.472258,0.220000,15.391000,Limo
p1_transito,NNW,-41.280018,-64.478637,0.240000,16.791000,Limo
p1_transito,NNW,-41.268374,-64.485013,0.260000,18.190000,Limo
p1_transito,NNW,-41.256729,-64.491388,0.280000,19.589000,Limo
p1_transito,NNW,-41.245084,-64.497760,0.300000,20.988000,Limo
p1_transito,NNW,-41.233439,-64.504129,0.320000,22.388000,Limo
p1_transito,NNW,-41.221793,-64.510497,0.340000,23.787000,Limo
p1_transito,NNW,-41.210147,-64.516862,0.360000,25.186000,Limo
p1_transito,NNW,-41.198500,-64.523225,0.380000,26.585000,Limo
p1_transito,NNW,-41.186853,-64.529586,0.400000,27.984000,Limo
p1_transito,NNW,-41.175206,-64.535945,0.420000,29.384000,Limo
p1_transito,NNW,-41.163558,-64.542301,0.440000,30.783000,Limo
p1_transito,NNW,-41.151910,-64.548655,0.460000,32.182000,Limo
p1_transito,NNW,-41.140262,-64.555007,0.480000,33.581000,Limo
p1_transito,NNW,-41.128613,-64.561356,0.500000,34.981000,Limo
p1_transito,NNW,-41.116964,-64.567704,0.520000,36.380000,Limo
p1_transito,NNW,-41.105315,-64.574049,0.540000,37.779000,Limo
p1_transito,NNW,-41.093665,-64.580391,0.560000,39.178000,Limo
p1_transito,NNW,-41.082014,-64.586732,0.580000,40.577000,Limo
p1_transito,NNW,-41.070364,-64.593070,0.600000,41.977000,Limo
p1_transito,NNW,-41.058713,-64.599406,0.620000,43.376000,Limo
p1_transito,NNW,-41.047061,-64.605740,0.640000,44.775000,Limo
p1_transito,NNW,-41.035410,-64.612072,0.660000,46.174000,Limo
p1_transito,NNW,-41.023757,-64.618401,0.680000,47.574000,Limo
p1_transito,NNW,-41.012105,-64.624728,0.700000,48.973000,Limo
p1_transito,NNW,-41.000452,-64.631053,0.720000,50.372000,Limo
p1_transito,NNW,-40.988799,-64.637376,0.740000,51.771000,Arena limosa
p1_transito,NNW,-40.977145,-64.643697,0.760000,53.170000,Arena limosa
p1_transito,NNW,-40.965491,-64.650015,0.780000,54.570000,Arena limosa
p1_transito,NNW,-40.953837,-64.656331,0.800000,55.969000,Arena limosa
p1_transito,NNW,-40.942182,-64.662645,0.820000,57.368000,Arena limosa
p1_transito,NNW,-40.930527,-64.668956,0.840000,58.767000,Arena limosa
p1_transito,NNW,-40.918872,-64.675266,0.860000,60.167000,Arena limosa
p1_transito,NNW,-40.907216,-64.681573,0.880000,61.566000,Arena limosa
p1_transito,NNW,-40.895560,-64.687878,0.900000,62.965000,Arena limosa
p1_transito,NNW,-40.883903,-64.694180,0.920000,64.364000,Arena limosa
p1_transito,NNW,-40.872246,-64.700481,0.940000,65.763000,Arena limosa
p1_transito,NNW,-40.860589,-64.706779,0.960000,67.163000,Arena limosa
p1_transito,NNW,-40.848931,-64.713075,0.980000,68.562000,Arena limosa
p1_transito,NNW,-40.837273,-64.719369,1.000000,69.961000,Arena limosa
